1,Mamadou,Diop,15/04/2022,75020,mamadou.diop@example.com,mdp123
2,Khadija,Zouari,12/06/2022,93200,khadija.zouari@example.com,mdp456
3,Omar,Benmessaoud,28/08/2022,92300,omar.benmessaoud@example.com,mdp789
4,Fatima,Traoré,04/11/2022,93300,fatima.traore@example.com,mdpabc
5,Mohamed,Khattabi,21/01/2023,92200,mohamed.khattabi@example.com,mdpdef
6,Mariam,Diallo,03/03/2023,92100,mariam.diallo@example.com,mdpghe
7,Ahmed,Zemmouri,14/05/2023,92130,ahmed.zemmouri@example.com,mdpijk
8,Aïcha,Benali,27/07/2023,92110,aicha.benali@example.com,mdklmn
9,Sofiane,Diakité,09/09/2023,93100,sofiane.diakite@example.com,mdnopq
10,Kadiatou,Meziane,22/11/2023,93200,kadiatou.meziane@example.com,mdqrst
11,Mohamed,Boudjema,04/01/2024,92400,mohamed.boudjema@example.com,mduvw
12,Fatima,Khattabi,17/03/2024,92300,fatima.khattabi@example.com,mdxyz
13,Lydia,Traoré,29/05/2024,78300,lydia.traore@example.com,md1234
14,Laila,Traoré,11/08/2024,93500,laila.traore@example.com,md5678
15,Saad,Bouazza,23/10/2024,93140,saad.bouazza@example.com,md9012
16,Nadia,Bensaid,05/12/2024,94300,nadia.bensaid@example.com,md3456
17,Samir,Traoré,18/02/2025,92220,samir.traore@example.com,md7890
18,Amira,Karamoko,02/04/2025,92700,amira.karamoko@example.com,mdabcd
19,Ayoub,Meziane,15/06/2025,95200,ayoub.meziane@example.com,mdefgh
20,Sara,Benali,27/08/2025,92230,sara.benali@example.com,mdijkl
21,Hamid,Diakité,09/10/2025,95160,hamid.diakite@example.com,mdmnop
22,Hiba,Boudjema,21/12/2025,92120,hiba.boudjema@example.com,mdqrst
23,Abdel,Traoré,02/02/2026,94700,abdel.traore@example.com,mduvw
24,Najat,Diallo,16/04/2026,95140,najat.diallo@example.com,mdxyz
25,Mohamed,Khattabi,29/06/2026,93150,mohamed.khattabi@example.com,md1234
26,Zahra,Benali,11/09/2026,92320,zahra.benali@example.com,md5678
27,Khalid,Karamoko,23/11/2026,92350,khalid.karamoko@example.com,md9012
28,Samira,Zemmouri,05/01/2027,92450,samira.zemmouri@example.com,md3456
29,Karima,Meziane,17/03/2027,92100,karima.meziane@example.com,md7890
30,Youssef,Diakité,29/05/2027,92600,youssef.diakite@example.com,mdabcd
